{"cameraMode":{"drawMode":0,"name":"Shaded","section":"Shading Mode"},"sceneLighting":true,"audioPlay":false,"sceneViewState":{"showFog":true,"showMaterialUpdate":false,"showSkybox":true,"showFlares":true,"showImageEffects":true,"showParticleSystems":true},"in2DMode":false,"pivot":{"x":3.9816665649414064,"y":1.6998977661132813,"z":-3.9190595149993898},"rotation":{"x":-0.17046938836574555,"y":-0.006801339332014322,"z":0.0011767524993047119,"w":-0.9853420257568359},"size":4.190767765045166,"orthographic":false}